{
  "mse": 0.000974741046114162,
  "rmse": 0.031220843135862972,
  "mae": 0.024102063296847283,
  "r2": 0.9834291214452321,
  "pearson": 0.991938754397355
}