{
  "mse": 0.06057674641706936,
  "rmse": 0.2461234373583088,
  "mae": 0.2038667826100059,
  "r2": -0.02982213801496414,
  "pearson": -0.031558809429008114
}