{
  "mse": 0.0012146427075081262,
  "rmse": 0.0348517245987645,
  "mae": 0.027071777691528322,
  "r2": 0.979350724098681,
  "pearson": 0.9900512484766181
}