{
  "mse": 0.006974124670571075,
  "rmse": 0.08351122481781162,
  "mae": 0.0639633423878758,
  "r2": 0.8814378717275143,
  "pearson": 0.9429517474395142
}