{
  "mse": 0.001011010754202928,
  "rmse": 0.03179639530202957,
  "mae": 0.02432860271547424,
  "r2": 0.9828125259603576,
  "pearson": 0.9916699181783525
}