{
  "mse": 0.0010270844952889862,
  "rmse": 0.0320481589999954,
  "mae": 0.02488234398858523,
  "r2": 0.9825392677319084,
  "pearson": 0.9914119622092059
}