{
  "mse": 0.0010027581056444906,
  "rmse": 0.03166635605251243,
  "mae": 0.02482640616699289,
  "r2": 0.9829528233629983,
  "pearson": 0.9918255743249249
}