{
  "mse": 0.0010921473604144434,
  "rmse": 0.03304765287300209,
  "mae": 0.02573990454713939,
  "r2": 0.9814331802836397,
  "pearson": 0.9910242251588136
}