{
  "mse": 0.06001855512892246,
  "rmse": 0.24498684684881034,
  "mae": 0.2021100460469427,
  "r2": -0.02033272533137409,
  "pearson": 4.293606686737877e-05
}