{
  "mse": 0.001434554442791663,
  "rmse": 0.03787551244262793,
  "mae": 0.028661356838877796,
  "r2": 0.975612161254037,
  "pearson": 0.98827910006013
}