{
  "mse": 0.0010336300467384367,
  "rmse": 0.03215011736741309,
  "mae": 0.02508640653179257,
  "r2": 0.982427991471844,
  "pearson": 0.9914940881991716
}