{
  "mse": 0.0009702557748671088,
  "rmse": 0.031148928952166376,
  "mae": 0.024318504837020884,
  "r2": 0.9835053723483991,
  "pearson": 0.9921001565244284
}