{
  "mse": 0.05275129556584368,
  "rmse": 0.2296765019888706,
  "mae": 0.19079786905107446,
  "r2": 0.10321278055024652,
  "pearson": 0.33092205319587364
}