{
  "mse": 0.0009659493951855727,
  "rmse": 0.03107972643357037,
  "mae": 0.02406064273708601,
  "r2": 0.9835785820434231,
  "pearson": 0.99204137797577
}