{
  "mse": 0.0010023825639609311,
  "rmse": 0.03166042583353754,
  "mae": 0.024750723420904112,
  "r2": 0.9829592076797923,
  "pearson": 0.9917271468733929
}