{
  "mse": 0.001162486385266091,
  "rmse": 0.03409525458573511,
  "mae": 0.02619264203589135,
  "r2": 0.980237396600246,
  "pearson": 0.9903156374060662
}