{
  "mse": 0.0010123912623714408,
  "rmse": 0.03181809646052763,
  "mae": 0.024544306055289743,
  "r2": 0.9827890569238422,
  "pearson": 0.9917161997394491
}