{
  "mse": 0.0009706728062023649,
  "rmse": 0.031155622385090703,
  "mae": 0.023486889826068096,
  "r2": 0.9834982826955753,
  "pearson": 0.9919721315235749
}