{
  "mse": 0.0010525554133856247,
  "rmse": 0.032443110414780284,
  "mae": 0.025009862388225626,
  "r2": 0.9821062547874546,
  "pearson": 0.9912192447068618
}