{
  "mse": 0.023846381980085266,
  "rmse": 0.15442273789855324,
  "mae": 0.11964984094903491,
  "r2": 0.5946046374697158,
  "pearson": 0.7894957326680115
}