{
  "mse": 0.05981627475761219,
  "rmse": 0.2445736591655205,
  "mae": 0.2028164367453343,
  "r2": -0.016893900752929847,
  "pearson": 0.01926805321996626
}