{
  "mse": 0.0010752043077167605,
  "rmse": 0.03279030813695962,
  "mae": 0.024979864954251235,
  "r2": 0.9817212170598887,
  "pearson": 0.9910991225677932
}