{
  "mse": 0.006859590290276318,
  "rmse": 0.0828226435842054,
  "mae": 0.06290917543958881,
  "r2": 0.8833849891837621,
  "pearson": 0.9463225040793731
}