{
  "mse": 0.0009339403303529924,
  "rmse": 0.03056043733903349,
  "mae": 0.023636877975653215,
  "r2": 0.9841227453656787,
  "pearson": 0.9924251791946496
}