{
  "mse": 0.0028642431148370273,
  "rmse": 0.05351862399984726,
  "mae": 0.040821684835137165,
  "r2": 0.9513070420123299,
  "pearson": 0.9771770259439547
}