{
  "mse": 0.0009775102634007635,
  "rmse": 0.03126516053694213,
  "mae": 0.023632703080439132,
  "r2": 0.9833820439536963,
  "pearson": 0.9920898681643168
}